Data_Coleta,Temperatura_Ambiente,Umidade_Ambiente,Umidade_Solo,Mes,placa
2025-06-01 00:00,34.6,60.4,27.6,6,Placa_1
2025-06-01 00:00,32.0,55.3,17.6,6,Placa_2
2025-06-01 00:30,31.7,54.5,38.5,6,Placa_1
2025-06-01 00:30,31.7,59.5,54.6,6,Placa_2
2025-06-01 01:00,28.4,58.8,21.3,6,Placa_1
2025-06-01 01:00,32.1,44.6,28.2,6,Placa_2
2025-06-01 01:30,24.1,51.5,24.9,6,Placa_1
2025-06-01 01:30,24.4,46.9,15.8,6,Placa_2
2025-06-01 02:00,24.2,50.3,42.2,6,Placa_1
2025-06-01 02:00,31.1,44.9,12.5,6,Placa_2
2025-06-01 02:30,18.5,83.1,24.3,6,Placa_1
2025-06-01 02:30,33.0,79.1,54.3,6,Placa_2
2025-06-01 03:00,32.9,68.9,19.0,6,Placa_1
2025-06-01 03:00,23.1,80.7,46.5,6,Placa_2
2025-06-01 03:30,27.2,57.0,53.1,6,Placa_1
2025-06-01 03:30,22.1,63.5,47.2,6,Placa_2
2025-06-01 04:00,32.1,79.4,48.9,6,Placa_1
2025-06-01 04:00,29.1,40.1,52.5,6,Placa_2
2025-06-01 04:30,34.2,45.6,17.5,6,Placa_1
2025-06-01 04:30,19.1,61.1,50.5,6,Placa_2
2025-06-01 05:00,23.6,86.1,51.5,6,Placa_1
2025-06-01 05:00,28.3,81.2,51.0,6,Placa_2
2025-06-01 05:30,34.1,65.3,35.8,6,Placa_1
2025-06-01 05:30,28.9,48.9,52.0,6,Placa_2
2025-06-01 06:00,28.7,40.7,27.6,6,Placa_1
2025-06-01 06:00,35.0,67.1,50.5,6,Placa_2
2025-06-01 06:30,23.8,80.2,27.6,6,Placa_1
2025-06-01 06:30,23.8,81.6,30.1,6,Placa_2
2025-06-01 07:00,22.3,58.7,34.1,6,Placa_1
2025-06-01 07:00,27.8,69.0,34.2,6,Placa_2
2025-06-01 07:30,21.6,83.3,16.5,6,Placa_1
2025-06-01 07:30,30.4,87.0,17.5,6,Placa_2
2025-06-01 08:00,24.7,76.3,41.0,6,Placa_1
2025-06-01 08:00,24.8,56.9,15.4,6,Placa_2
2025-06-01 08:30,32.0,54.0,28.2,6,Placa_1
2025-06-01 08:30,33.6,88.6,59.1,6,Placa_2
2025-06-01 09:00,26.8,54.0,10.2,6,Placa_1
2025-06-01 09:00,34.1,57.4,57.0,6,Placa_2
2025-06-01 09:30,29.3,79.9,48.2,6,Placa_1
2025-06-01 09:30,20.4,64.6,20.9,6,Placa_2
2025-06-01 10:00,18.9,58.7,27.3,6,Placa_1
2025-06-01 10:00,18.4,81.9,24.2,6,Placa_2
2025-06-01 10:30,18.7,58.5,51.8,6,Placa_1
2025-06-01 10:30,28.9,51.9,41.9,6,Placa_2
2025-06-01 11:00,20.8,75.9,10.9,6,Placa_1
2025-06-01 11:00,28.2,40.3,19.0,6,Placa_2
2025-06-01 11:30,27.1,80.8,50.0,6,Placa_1
2025-06-01 11:30,22.4,61.7,17.1,6,Placa_2
2025-06-01 12:00,18.8,66.5,35.4,6,Placa_1
2025-06-01 12:00,23.8,68.1,45.9,6,Placa_2
2025-06-01 12:30,32.0,68.0,37.5,6,Placa_1
2025-06-01 12:30,19.6,81.0,58.9,6,Placa_2
2025-06-01 13:00,26.1,62.2,21.4,6,Placa_1
2025-06-01 13:00,30.2,70.1,32.1,6,Placa_2
2025-06-01 13:30,23.2,87.6,47.0,6,Placa_1
2025-06-01 13:30,33.1,54.5,32.9,6,Placa_2
2025-06-01 14:00,23.7,79.4,53.6,6,Placa_1
2025-06-01 14:00,30.2,57.7,45.6,6,Placa_2
2025-06-01 14:30,34.7,89.8,29.6,6,Placa_1
2025-06-01 14:30,23.6,51.9,43.1,6,Placa_2
2025-06-01 15:00,21.7,58.6,32.9,6,Placa_1
2025-06-01 15:00,33.4,48.9,34.4,6,Placa_2
2025-06-01 15:30,35.0,47.6,57.8,6,Placa_1
2025-06-01 15:30,29.9,63.8,30.6,6,Placa_2
2025-06-01 16:00,33.3,64.2,51.4,6,Placa_1
2025-06-01 16:00,22.0,58.6,19.5,6,Placa_2
2025-06-01 16:30,23.3,66.1,16.8,6,Placa_1
2025-06-01 16:30,19.8,77.6,37.4,6,Placa_2
2025-06-01 17:00,22.5,55.3,26.6,6,Placa_1
2025-06-01 17:00,18.4,56.3,32.0,6,Placa_2
2025-06-01 17:30,31.2,80.4,29.8,6,Placa_1
2025-06-01 17:30,34.6,71.5,13.3,6,Placa_2
2025-06-01 18:00,29.3,77.4,38.8,6,Placa_1
2025-06-01 18:00,29.8,83.2,17.1,6,Placa_2
2025-06-01 18:30,32.8,69.6,15.5,6,Placa_1
2025-06-01 18:30,20.2,89.5,21.9,6,Placa_2
2025-06-01 19:00,27.0,73.8,32.0,6,Placa_1
2025-06-01 19:00,23.3,43.5,15.6,6,Placa_2
2025-06-01 19:30,23.8,81.2,32.8,6,Placa_1
2025-06-01 19:30,26.1,75.9,49.4,6,Placa_2
2025-06-01 20:00,32.8,46.1,59.5,6,Placa_1
2025-06-01 20:00,30.5,42.5,41.3,6,Placa_2
2025-06-01 20:30,24.3,85.9,59.6,6,Placa_1
2025-06-01 20:30,29.2,52.3,20.6,6,Placa_2
2025-06-01 21:00,27.9,84.4,14.4,6,Placa_1
2025-06-01 21:00,24.3,54.5,14.6,6,Placa_2
2025-06-01 21:30,24.0,59.8,57.1,6,Placa_1
2025-06-01 21:30,32.1,72.6,43.2,6,Placa_2
2025-06-01 22:00,25.4,49.2,28.7,6,Placa_1
2025-06-01 22:00,33.0,65.5,32.8,6,Placa_2
2025-06-01 22:30,34.3,83.8,18.9,6,Placa_1
2025-06-01 22:30,29.7,77.3,55.3,6,Placa_2
2025-06-01 23:00,24.3,63.3,58.6,6,Placa_1
2025-06-01 23:00,34.0,41.4,49.5,6,Placa_2
2025-06-01 23:30,33.5,70.5,48.1,6,Placa_1
2025-06-01 23:30,32.0,40.3,59.0,6,Placa_2
2025-06-02 00:00,25.9,42.4,58.0,6,Placa_1
2025-06-02 00:00,32.1,40.1,15.5,6,Placa_2
2025-06-02 00:30,33.2,63.8,44.5,6,Placa_1
2025-06-02 00:30,32.2,69.6,54.8,6,Placa_2
2025-06-02 01:00,18.9,47.4,53.8,6,Placa_1
2025-06-02 01:00,31.6,52.6,37.5,6,Placa_2
2025-06-02 01:30,23.8,49.9,14.9,6,Placa_1
2025-06-02 01:30,23.3,52.4,58.4,6,Placa_2
2025-06-02 02:00,30.7,46.1,27.2,6,Placa_1
2025-06-02 02:00,23.5,51.6,30.0,6,Placa_2
2025-06-02 02:30,19.5,68.4,14.7,6,Placa_1
2025-06-02 02:30,31.1,65.6,30.6,6,Placa_2
2025-06-02 03:00,20.9,71.5,10.5,6,Placa_1
2025-06-02 03:00,23.2,86.1,23.0,6,Placa_2
2025-06-02 03:30,21.7,79.1,43.5,6,Placa_1
2025-06-02 03:30,23.0,55.5,35.6,6,Placa_2
2025-06-02 04:00,24.4,44.6,26.6,6,Placa_1
2025-06-02 04:00,27.8,84.1,21.2,6,Placa_2
2025-06-02 04:30,28.5,79.3,54.9,6,Placa_1
2025-06-02 04:30,31.8,43.5,11.8,6,Placa_2
2025-06-02 05:00,27.4,82.5,49.6,6,Placa_1
2025-06-02 05:00,28.0,89.6,36.8,6,Placa_2
2025-06-02 05:30,34.3,41.3,35.3,6,Placa_1
2025-06-02 05:30,27.5,42.4,20.2,6,Placa_2
2025-06-02 06:00,27.0,87.2,17.4,6,Placa_1
2025-06-02 06:00,23.0,47.6,58.0,6,Placa_2
2025-06-02 06:30,33.1,51.3,27.6,6,Placa_1
2025-06-02 06:30,32.1,89.4,46.2,6,Placa_2
2025-06-02 07:00,18.6,77.6,23.6,6,Placa_1
2025-06-02 07:00,21.1,41.3,31.1,6,Placa_2
2025-06-02 07:30,25.8,74.5,14.5,6,Placa_1
2025-06-02 07:30,27.1,77.3,29.7,6,Placa_2
2025-06-02 08:00,32.8,82.7,35.4,6,Placa_1
2025-06-02 08:00,25.4,77.9,39.9,6,Placa_2
2025-06-02 08:30,29.0,43.8,30.8,6,Placa_1
2025-06-02 08:30,24.9,63.4,47.4,6,Placa_2
2025-06-02 09:00,22.8,84.3,39.1,6,Placa_1
2025-06-02 09:00,32.1,62.6,10.5,6,Placa_2
2025-06-02 09:30,21.6,77.6,11.6,6,Placa_1
2025-06-02 09:30,29.9,72.0,52.0,6,Placa_2
2025-06-02 10:00,23.3,52.0,49.1,6,Placa_1
2025-06-02 10:00,34.7,61.2,29.1,6,Placa_2
2025-06-02 10:30,24.2,60.7,26.6,6,Placa_1
2025-06-02 10:30,30.8,53.7,16.5,6,Placa_2
2025-06-02 11:00,29.2,41.0,52.4,6,Placa_1
2025-06-02 11:00,30.2,64.5,43.3,6,Placa_2
2025-06-02 11:30,26.2,87.3,23.6,6,Placa_1
2025-06-02 11:30,23.3,56.8,57.7,6,Placa_2
2025-06-02 12:00,27.7,66.2,26.7,6,Placa_1
2025-06-02 12:00,23.6,42.5,49.9,6,Placa_2
2025-06-02 12:30,24.2,50.6,33.0,6,Placa_1
2025-06-02 12:30,19.9,43.7,32.2,6,Placa_2
2025-06-02 13:00,18.8,49.5,18.8,6,Placa_1
2025-06-02 13:00,22.8,63.3,38.5,6,Placa_2
2025-06-02 13:30,33.6,84.1,18.0,6,Placa_1
2025-06-02 13:30,33.7,81.5,51.7,6,Placa_2
2025-06-02 14:00,25.2,75.3,54.0,6,Placa_1
2025-06-02 14:00,28.2,68.4,28.4,6,Placa_2
2025-06-02 14:30,29.3,84.8,27.5,6,Placa_1
2025-06-02 14:30,30.9,56.4,53.9,6,Placa_2
2025-06-02 15:00,28.9,89.8,55.0,6,Placa_1
2025-06-02 15:00,34.6,71.6,43.9,6,Placa_2
2025-06-02 15:30,31.6,58.8,32.1,6,Placa_1
2025-06-02 15:30,21.8,87.2,29.2,6,Placa_2
2025-06-02 16:00,20.8,53.6,58.6,6,Placa_1
2025-06-02 16:00,33.6,67.7,47.0,6,Placa_2
2025-06-02 16:30,32.9,68.1,15.7,6,Placa_1
2025-06-02 16:30,30.1,78.1,27.9,6,Placa_2
2025-06-02 17:00,25.9,83.2,47.8,6,Placa_1
2025-06-02 17:00,27.4,73.7,53.9,6,Placa_2
2025-06-02 17:30,33.1,71.7,38.2,6,Placa_1
2025-06-02 17:30,26.1,56.9,12.9,6,Placa_2
2025-06-02 18:00,32.9,57.6,12.9,6,Placa_1
2025-06-02 18:00,34.9,61.6,23.6,6,Placa_2
2025-06-02 18:30,28.7,57.9,25.1,6,Placa_1
2025-06-02 18:30,34.0,69.0,32.3,6,Placa_2
2025-06-02 19:00,27.7,42.0,32.8,6,Placa_1
2025-06-02 19:00,32.9,89.5,34.7,6,Placa_2
2025-06-02 19:30,24.9,42.1,10.4,6,Placa_1
2025-06-02 19:30,34.9,59.8,10.7,6,Placa_2
2025-06-02 20:00,20.8,42.2,47.7,6,Placa_1
2025-06-02 20:00,19.0,80.8,38.2,6,Placa_2
2025-06-02 20:30,26.3,64.8,43.2,6,Placa_1
2025-06-02 20:30,27.9,68.7,11.8,6,Placa_2
2025-06-02 21:00,20.7,87.2,51.5,6,Placa_1
2025-06-02 21:00,27.0,89.5,36.0,6,Placa_2
2025-06-02 21:30,25.8,68.0,25.1,6,Placa_1
2025-06-02 21:30,34.0,49.6,48.5,6,Placa_2
2025-06-02 22:00,28.7,56.9,42.1,6,Placa_1
2025-06-02 22:00,24.5,67.1,57.2,6,Placa_2
2025-06-02 22:30,19.6,67.9,38.2,6,Placa_1
2025-06-02 22:30,24.0,48.6,18.9,6,Placa_2
2025-06-02 23:00,34.3,89.1,22.4,6,Placa_1
2025-06-02 23:00,27.8,81.6,43.2,6,Placa_2
2025-06-02 23:30,31.1,54.1,56.4,6,Placa_1
2025-06-02 23:30,29.8,74.9,37.5,6,Placa_2
2025-06-03 00:00,23.1,54.9,54.8,6,Placa_1
2025-06-03 00:00,28.8,64.8,24.1,6,Placa_2
2025-06-03 00:30,30.0,62.6,50.3,6,Placa_1
2025-06-03 00:30,19.6,85.8,19.8,6,Placa_2
2025-06-03 01:00,31.4,56.5,47.4,6,Placa_1
2025-06-03 01:00,21.6,65.6,24.0,6,Placa_2
2025-06-03 01:30,25.8,76.4,43.8,6,Placa_1
2025-06-03 01:30,27.2,58.4,48.9,6,Placa_2
2025-06-03 02:00,22.9,46.6,23.8,6,Placa_1
2025-06-03 02:00,27.4,85.5,33.7,6,Placa_2
2025-06-03 02:30,28.8,67.1,39.6,6,Placa_1
2025-06-03 02:30,21.9,57.2,19.2,6,Placa_2
2025-06-03 03:00,23.1,40.5,55.2,6,Placa_1
2025-06-03 03:00,32.8,76.0,38.1,6,Placa_2
2025-06-03 03:30,34.3,71.3,12.9,6,Placa_1
2025-06-03 03:30,32.8,42.5,43.8,6,Placa_2
2025-06-03 04:00,23.1,75.3,21.6,6,Placa_1
2025-06-03 04:00,18.1,82.2,51.9,6,Placa_2
2025-06-03 04:30,27.0,61.4,13.9,6,Placa_1
2025-06-03 04:30,23.0,83.9,15.8,6,Placa_2
2025-06-03 05:00,33.9,89.3,54.9,6,Placa_1
2025-06-03 05:00,31.8,75.3,24.7,6,Placa_2
2025-06-03 05:30,21.4,52.7,24.4,6,Placa_1
2025-06-03 05:30,22.8,80.1,52.8,6,Placa_2
2025-06-03 06:00,24.8,70.9,36.3,6,Placa_1
2025-06-03 06:00,30.1,53.4,25.7,6,Placa_2
2025-06-03 06:30,32.1,52.8,28.2,6,Placa_1
2025-06-03 06:30,20.2,83.8,41.4,6,Placa_2
2025-06-03 07:00,28.0,80.8,51.2,6,Placa_1
2025-06-03 07:00,25.9,51.0,47.4,6,Placa_2
2025-06-03 07:30,21.0,47.2,20.8,6,Placa_1
2025-06-03 07:30,27.4,58.9,39.3,6,Placa_2
2025-06-03 08:00,32.5,59.7,16.0,6,Placa_1
2025-06-03 08:00,28.6,66.4,11.6,6,Placa_2
2025-06-03 08:30,21.5,42.5,26.3,6,Placa_1
2025-06-03 08:30,22.5,68.5,56.6,6,Placa_2
2025-06-03 09:00,24.2,69.0,28.5,6,Placa_1
2025-06-03 09:00,22.2,74.6,42.6,6,Placa_2
2025-06-03 09:30,30.3,55.6,35.7,6,Placa_1
2025-06-03 09:30,21.2,42.0,48.3,6,Placa_2
2025-06-03 10:00,28.5,61.7,38.2,6,Placa_1
2025-06-03 10:00,18.3,40.3,56.1,6,Placa_2
2025-06-03 10:30,22.6,65.3,14.6,6,Placa_1
2025-06-03 10:30,24.4,83.5,41.3,6,Placa_2
2025-06-03 11:00,22.2,48.3,49.6,6,Placa_1
2025-06-03 11:00,34.0,55.3,36.2,6,Placa_2
2025-06-03 11:30,18.0,86.7,41.1,6,Placa_1
2025-06-03 11:30,26.6,47.9,15.6,6,Placa_2
2025-06-03 12:00,23.2,50.2,27.7,6,Placa_1
2025-06-03 12:00,25.0,83.6,42.9,6,Placa_2
2025-06-03 12:30,22.4,49.3,55.5,6,Placa_1
2025-06-03 12:30,26.1,45.7,11.7,6,Placa_2
2025-06-03 13:00,29.8,68.8,51.7,6,Placa_1
2025-06-03 13:00,21.8,50.2,20.6,6,Placa_2
2025-06-03 13:30,19.9,81.3,41.9,6,Placa_1
2025-06-03 13:30,30.1,74.8,21.8,6,Placa_2
2025-06-03 14:00,28.9,80.3,32.0,6,Placa_1
2025-06-03 14:00,26.9,85.1,57.8,6,Placa_2
2025-06-03 14:30,18.2,81.7,48.6,6,Placa_1
2025-06-03 14:30,27.5,61.2,42.4,6,Placa_2
2025-06-03 15:00,22.8,80.4,41.2,6,Placa_1
2025-06-03 15:00,33.6,65.6,44.7,6,Placa_2
2025-06-03 15:30,18.5,53.3,48.7,6,Placa_1
2025-06-03 15:30,24.5,65.4,53.7,6,Placa_2
2025-06-03 16:00,20.1,55.5,26.1,6,Placa_1
2025-06-03 16:00,25.1,45.5,18.3,6,Placa_2
2025-06-03 16:30,18.7,53.1,11.1,6,Placa_1
2025-06-03 16:30,28.0,40.5,51.7,6,Placa_2
2025-06-03 17:00,22.0,52.8,26.0,6,Placa_1
2025-06-03 17:00,28.4,52.9,15.6,6,Placa_2
2025-06-03 17:30,19.1,76.0,12.7,6,Placa_1
2025-06-03 17:30,34.5,71.3,47.8,6,Placa_2
2025-06-03 18:00,23.5,72.4,54.6,6,Placa_1
2025-06-03 18:00,26.3,44.7,17.5,6,Placa_2
2025-06-03 18:30,18.0,87.5,33.3,6,Placa_1
2025-06-03 18:30,34.6,64.4,34.8,6,Placa_2
2025-06-03 19:00,21.6,41.4,27.5,6,Placa_1
2025-06-03 19:00,21.1,71.7,32.1,6,Placa_2
2025-06-03 19:30,34.6,76.1,29.4,6,Placa_1
2025-06-03 19:30,31.8,44.3,15.7,6,Placa_2
2025-06-03 20:00,31.9,43.6,49.7,6,Placa_1
2025-06-03 20:00,28.4,75.7,30.3,6,Placa_2
2025-06-03 20:30,33.6,43.1,38.7,6,Placa_1
2025-06-03 20:30,33.0,69.7,32.7,6,Placa_2
2025-06-03 21:00,29.1,77.1,14.4,6,Placa_1
2025-06-03 21:00,25.4,75.1,27.4,6,Placa_2
2025-06-03 21:30,30.8,59.2,23.5,6,Placa_1
2025-06-03 21:30,31.2,77.9,12.4,6,Placa_2
2025-06-03 22:00,18.5,60.3,52.4,6,Placa_1
2025-06-03 22:00,26.9,56.6,49.0,6,Placa_2
2025-06-03 22:30,21.1,53.3,22.9,6,Placa_1
2025-06-03 22:30,22.1,74.3,54.0,6,Placa_2
2025-06-03 23:00,32.9,72.7,17.0,6,Placa_1
2025-06-03 23:00,23.2,82.3,36.1,6,Placa_2
2025-06-03 23:30,21.0,65.7,28.0,6,Placa_1
2025-06-03 23:30,30.5,69.0,34.3,6,Placa_2
2025-06-04 00:00,21.1,76.1,29.6,6,Placa_1
2025-06-04 00:00,26.5,73.5,21.7,6,Placa_2
2025-06-04 00:30,31.2,56.4,30.4,6,Placa_1
2025-06-04 00:30,21.1,78.4,15.2,6,Placa_2
2025-06-04 01:00,20.4,75.0,40.5,6,Placa_1
2025-06-04 01:00,24.7,48.4,26.9,6,Placa_2
2025-06-04 01:30,20.4,64.2,49.7,6,Placa_1
2025-06-04 01:30,31.1,54.4,44.6,6,Placa_2
2025-06-04 02:00,26.1,45.2,12.7,6,Placa_1
2025-06-04 02:00,22.0,50.0,26.1,6,Placa_2
2025-06-04 02:30,20.0,62.6,43.6,6,Placa_1
2025-06-04 02:30,18.9,56.6,32.3,6,Placa_2
2025-06-04 03:00,20.1,40.0,29.4,6,Placa_1
2025-06-04 03:00,32.5,77.5,47.9,6,Placa_2
2025-06-04 03:30,18.7,40.3,28.0,6,Placa_1
2025-06-04 03:30,20.5,45.3,14.5,6,Placa_2
2025-06-04 04:00,34.1,76.7,34.6,6,Placa_1
2025-06-04 04:00,27.9,50.3,44.8,6,Placa_2
2025-06-04 04:30,18.7,49.5,35.7,6,Placa_1
2025-06-04 04:30,26.5,64.8,49.2,6,Placa_2
2025-06-04 05:00,25.1,81.0,27.0,6,Placa_1
2025-06-04 05:00,31.3,43.5,45.1,6,Placa_2
2025-06-04 05:30,32.7,66.1,41.2,6,Placa_1
2025-06-04 05:30,22.4,52.1,49.2,6,Placa_2
2025-06-04 06:00,20.6,43.4,44.8,6,Placa_1
2025-06-04 06:00,19.3,79.8,31.2,6,Placa_2
2025-06-04 06:30,20.8,70.7,52.0,6,Placa_1
2025-06-04 06:30,32.6,60.5,33.0,6,Placa_2
2025-06-04 07:00,30.8,76.4,19.9,6,Placa_1
2025-06-04 07:00,27.6,70.3,14.8,6,Placa_2
2025-06-04 07:30,29.4,59.2,31.6,6,Placa_1
2025-06-04 07:30,19.5,65.4,51.4,6,Placa_2
2025-06-04 08:00,21.9,65.7,12.7,6,Placa_1
2025-06-04 08:00,32.5,63.5,38.1,6,Placa_2
2025-06-04 08:30,26.6,84.1,29.6,6,Placa_1
2025-06-04 08:30,18.4,50.4,52.2,6,Placa_2
2025-06-04 09:00,34.0,69.4,43.8,6,Placa_1
2025-06-04 09:00,24.4,49.3,30.4,6,Placa_2
2025-06-04 09:30,28.5,46.7,22.6,6,Placa_1
2025-06-04 09:30,27.2,41.3,30.5,6,Placa_2
2025-06-04 10:00,22.7,47.8,56.6,6,Placa_1
2025-06-04 10:00,32.1,46.8,48.6,6,Placa_2
2025-06-04 10:30,24.9,67.7,13.5,6,Placa_1
2025-06-04 10:30,22.0,72.2,35.1,6,Placa_2
2025-06-04 11:00,21.2,51.9,41.9,6,Placa_1
2025-06-04 11:00,19.3,71.5,32.8,6,Placa_2
2025-06-04 11:30,33.1,69.6,55.8,6,Placa_1
2025-06-04 11:30,30.4,48.2,55.4,6,Placa_2
2025-06-04 12:00,33.7,73.5,41.3,6,Placa_1
2025-06-04 12:00,22.2,71.5,36.6,6,Placa_2
2025-06-04 12:30,31.2,47.6,10.8,6,Placa_1
2025-06-04 12:30,22.6,85.5,22.1,6,Placa_2
2025-06-04 13:00,32.6,45.9,54.0,6,Placa_1
2025-06-04 13:00,34.9,71.9,25.5,6,Placa_2
2025-06-04 13:30,24.5,80.0,31.5,6,Placa_1
2025-06-04 13:30,33.1,51.6,46.5,6,Placa_2
2025-06-04 14:00,24.4,71.4,50.3,6,Placa_1
2025-06-04 14:00,28.4,85.6,42.5,6,Placa_2
2025-06-04 14:30,18.7,43.8,34.3,6,Placa_1
2025-06-04 14:30,27.7,88.2,19.9,6,Placa_2
2025-06-04 15:00,33.3,69.0,44.9,6,Placa_1
2025-06-04 15:00,35.0,55.3,37.4,6,Placa_2
2025-06-04 15:30,31.8,43.1,23.2,6,Placa_1
2025-06-04 15:30,20.8,52.8,52.9,6,Placa_2
2025-06-04 16:00,25.0,51.1,40.7,6,Placa_1
2025-06-04 16:00,21.6,48.8,48.8,6,Placa_2
2025-06-04 16:30,28.0,57.8,52.8,6,Placa_1
2025-06-04 16:30,22.1,44.6,58.6,6,Placa_2
2025-06-04 17:00,34.2,80.8,54.8,6,Placa_1
2025-06-04 17:00,29.9,66.6,11.9,6,Placa_2
2025-06-04 17:30,29.1,62.1,26.4,6,Placa_1
2025-06-04 17:30,24.4,67.6,35.0,6,Placa_2
2025-06-04 18:00,24.0,74.9,50.3,6,Placa_1
2025-06-04 18:00,23.5,53.8,21.2,6,Placa_2
2025-06-04 18:30,34.5,72.4,18.4,6,Placa_1
2025-06-04 18:30,21.8,58.7,39.9,6,Placa_2
2025-06-04 19:00,26.3,69.5,39.9,6,Placa_1
2025-06-04 19:00,33.5,49.4,31.7,6,Placa_2
2025-06-04 19:30,18.1,44.2,11.2,6,Placa_1
2025-06-04 19:30,33.0,51.3,34.2,6,Placa_2
2025-06-04 20:00,35.0,41.6,44.7,6,Placa_1
2025-06-04 20:00,21.7,69.6,14.5,6,Placa_2
2025-06-04 20:30,29.1,78.3,43.7,6,Placa_1
2025-06-04 20:30,23.3,72.2,28.7,6,Placa_2
2025-06-04 21:00,27.8,85.8,33.6,6,Placa_1
2025-06-04 21:00,21.0,46.6,51.3,6,Placa_2
2025-06-04 21:30,25.5,42.1,49.6,6,Placa_1
2025-06-04 21:30,33.8,64.7,20.4,6,Placa_2
2025-06-04 22:00,28.5,80.6,56.4,6,Placa_1
2025-06-04 22:00,31.0,40.8,29.2,6,Placa_2
2025-06-04 22:30,22.1,89.3,28.8,6,Placa_1
2025-06-04 22:30,23.4,54.4,54.3,6,Placa_2
2025-06-04 23:00,18.8,70.4,45.0,6,Placa_1
2025-06-04 23:00,29.0,58.7,43.4,6,Placa_2
2025-06-04 23:30,22.6,67.2,43.2,6,Placa_1
2025-06-04 23:30,26.9,55.8,56.6,6,Placa_2
2025-06-05 00:00,32.0,62.7,34.6,6,Placa_1
2025-06-05 00:00,32.3,63.7,13.8,6,Placa_2
2025-06-05 00:30,19.8,48.8,38.1,6,Placa_1
2025-06-05 00:30,31.9,58.5,24.6,6,Placa_2
2025-06-05 01:00,25.5,61.2,42.3,6,Placa_1
2025-06-05 01:00,31.5,51.4,54.1,6,Placa_2
2025-06-05 01:30,20.0,78.6,14.1,6,Placa_1
2025-06-05 01:30,18.1,82.6,41.4,6,Placa_2
2025-06-05 02:00,32.2,51.5,12.5,6,Placa_1
2025-06-05 02:00,30.4,81.4,28.0,6,Placa_2
2025-06-05 02:30,27.8,61.7,45.3,6,Placa_1
2025-06-05 02:30,26.8,61.9,59.5,6,Placa_2
2025-06-05 03:00,24.4,55.8,16.0,6,Placa_1
2025-06-05 03:00,29.4,69.5,53.7,6,Placa_2
2025-06-05 03:30,22.8,72.8,22.9,6,Placa_1
2025-06-05 03:30,32.1,61.2,16.9,6,Placa_2
2025-06-05 04:00,30.6,63.7,12.0,6,Placa_1
2025-06-05 04:00,21.2,79.3,60.0,6,Placa_2
2025-06-05 04:30,20.8,43.0,53.4,6,Placa_1
2025-06-05 04:30,32.4,54.7,42.1,6,Placa_2
2025-06-05 05:00,31.3,77.7,15.3,6,Placa_1
2025-06-05 05:00,26.6,50.7,54.6,6,Placa_2
2025-06-05 05:30,32.7,86.0,52.8,6,Placa_1
2025-06-05 05:30,30.1,81.5,42.8,6,Placa_2
2025-06-05 06:00,29.5,45.2,48.9,6,Placa_1
2025-06-05 06:00,18.6,76.2,21.7,6,Placa_2
2025-06-05 06:30,24.7,66.9,17.1,6,Placa_1
2025-06-05 06:30,21.5,55.2,14.5,6,Placa_2
2025-06-05 07:00,26.2,57.8,32.6,6,Placa_1
2025-06-05 07:00,33.6,87.6,14.9,6,Placa_2
2025-06-05 07:30,24.2,60.4,54.4,6,Placa_1
2025-06-05 07:30,34.2,87.8,43.8,6,Placa_2
2025-06-05 08:00,23.8,48.6,19.5,6,Placa_1
2025-06-05 08:00,18.3,79.0,28.0,6,Placa_2
2025-06-05 08:30,22.3,69.8,20.6,6,Placa_1
2025-06-05 08:30,19.2,44.8,42.2,6,Placa_2
2025-06-05 09:00,20.2,49.7,46.2,6,Placa_1
2025-06-05 09:00,18.4,61.2,57.9,6,Placa_2
2025-06-05 09:30,19.4,55.5,55.7,6,Placa_1
2025-06-05 09:30,19.0,60.7,18.8,6,Placa_2
2025-06-05 10:00,27.5,66.3,23.7,6,Placa_1
2025-06-05 10:00,21.0,74.0,32.4,6,Placa_2
2025-06-05 10:30,25.4,87.9,32.7,6,Placa_1
2025-06-05 10:30,32.3,87.1,58.0,6,Placa_2
2025-06-05 11:00,18.8,46.2,50.9,6,Placa_1
2025-06-05 11:00,23.9,52.5,11.9,6,Placa_2
2025-06-05 11:30,24.3,45.5,33.8,6,Placa_1
2025-06-05 11:30,27.6,61.4,45.6,6,Placa_2
2025-06-05 12:00,28.9,83.6,49.8,6,Placa_1
2025-06-05 12:00,32.5,78.7,35.5,6,Placa_2
2025-06-05 12:30,28.6,73.0,59.5,6,Placa_1
2025-06-05 12:30,25.3,68.9,12.6,6,Placa_2
2025-06-05 13:00,31.1,56.9,35.4,6,Placa_1
2025-06-05 13:00,34.8,76.0,16.4,6,Placa_2
2025-06-05 13:30,34.8,62.3,55.5,6,Placa_1
2025-06-05 13:30,23.6,52.8,34.3,6,Placa_2
2025-06-05 14:00,25.4,73.6,15.7,6,Placa_1
2025-06-05 14:00,33.8,54.2,27.5,6,Placa_2
2025-06-05 14:30,29.4,67.2,44.8,6,Placa_1
2025-06-05 14:30,19.1,85.1,15.9,6,Placa_2
2025-06-05 15:00,21.4,42.0,27.0,6,Placa_1
2025-06-05 15:00,22.6,45.1,26.6,6,Placa_2
2025-06-05 15:30,23.5,55.7,49.0,6,Placa_1
2025-06-05 15:30,22.8,42.9,10.2,6,Placa_2
2025-06-05 16:00,32.6,46.8,42.7,6,Placa_1
2025-06-05 16:00,33.8,86.9,23.0,6,Placa_2
2025-06-05 16:30,28.8,87.9,41.4,6,Placa_1
2025-06-05 16:30,21.8,84.0,22.0,6,Placa_2
2025-06-05 17:00,30.1,49.1,49.9,6,Placa_1
2025-06-05 17:00,28.3,66.6,50.3,6,Placa_2
2025-06-05 17:30,27.3,72.2,55.5,6,Placa_1
2025-06-05 17:30,29.1,77.8,21.5,6,Placa_2
2025-06-05 18:00,30.9,80.6,18.8,6,Placa_1
2025-06-05 18:00,22.2,66.5,48.1,6,Placa_2
2025-06-05 18:30,21.7,40.5,40.9,6,Placa_1
2025-06-05 18:30,18.3,40.2,54.2,6,Placa_2
2025-06-05 19:00,23.0,65.9,20.5,6,Placa_1
2025-06-05 19:00,28.9,45.0,44.5,6,Placa_2
2025-06-05 19:30,29.3,80.8,37.5,6,Placa_1
2025-06-05 19:30,26.5,85.0,48.4,6,Placa_2
2025-06-05 20:00,29.1,47.4,40.4,6,Placa_1
2025-06-05 20:00,33.2,44.3,27.7,6,Placa_2
2025-06-05 20:30,33.4,72.8,12.1,6,Placa_1
2025-06-05 20:30,20.3,45.9,53.0,6,Placa_2
2025-06-05 21:00,23.7,45.5,19.4,6,Placa_1
2025-06-05 21:00,20.4,86.3,39.1,6,Placa_2
2025-06-05 21:30,24.4,86.4,31.5,6,Placa_1
2025-06-05 21:30,33.4,66.3,17.5,6,Placa_2
2025-06-05 22:00,26.5,81.9,45.8,6,Placa_1
2025-06-05 22:00,24.8,84.8,14.4,6,Placa_2
2025-06-05 22:30,22.8,57.7,11.2,6,Placa_1
2025-06-05 22:30,31.4,70.6,21.1,6,Placa_2
2025-06-05 23:00,27.7,63.5,20.9,6,Placa_1
2025-06-05 23:00,29.7,40.1,37.1,6,Placa_2
2025-06-05 23:30,22.4,51.7,59.8,6,Placa_1
2025-06-05 23:30,30.8,65.5,10.1,6,Placa_2
2025-06-06 00:00,25.5,44.7,23.5,6,Placa_1
2025-06-06 00:00,30.5,82.5,44.2,6,Placa_2
2025-06-06 00:30,19.1,66.7,27.9,6,Placa_1
2025-06-06 00:30,32.4,60.1,32.6,6,Placa_2
2025-06-06 01:00,32.3,40.9,51.2,6,Placa_1
2025-06-06 01:00,29.5,52.5,34.4,6,Placa_2
2025-06-06 01:30,19.8,49.8,18.4,6,Placa_1
2025-06-06 01:30,28.1,58.2,58.0,6,Placa_2
2025-06-06 02:00,24.1,54.7,57.6,6,Placa_1
2025-06-06 02:00,22.0,58.6,46.5,6,Placa_2
2025-06-06 02:30,30.8,64.5,35.3,6,Placa_1
2025-06-06 02:30,21.3,40.5,53.3,6,Placa_2
2025-06-06 03:00,34.4,76.4,32.6,6,Placa_1
2025-06-06 03:00,29.5,62.4,31.5,6,Placa_2
2025-06-06 03:30,34.8,55.2,57.8,6,Placa_1
2025-06-06 03:30,25.8,81.2,22.4,6,Placa_2
2025-06-06 04:00,19.8,78.7,29.3,6,Placa_1
2025-06-06 04:00,32.2,62.5,52.6,6,Placa_2
2025-06-06 04:30,30.2,76.8,25.2,6,Placa_1
2025-06-06 04:30,30.2,45.7,32.8,6,Placa_2
2025-06-06 05:00,22.9,62.4,11.3,6,Placa_1
2025-06-06 05:00,21.5,42.2,44.8,6,Placa_2
2025-06-06 05:30,26.4,88.6,33.7,6,Placa_1
2025-06-06 05:30,18.8,63.9,44.4,6,Placa_2
2025-06-06 06:00,21.9,61.8,33.8,6,Placa_1
2025-06-06 06:00,28.0,87.6,13.5,6,Placa_2
2025-06-06 06:30,23.7,53.8,17.4,6,Placa_1
2025-06-06 06:30,20.2,70.8,17.3,6,Placa_2
2025-06-06 07:00,24.1,67.7,35.8,6,Placa_1
2025-06-06 07:00,21.7,78.6,20.9,6,Placa_2
2025-06-06 07:30,30.0,60.4,45.7,6,Placa_1
2025-06-06 07:30,29.8,81.6,44.6,6,Placa_2
2025-06-06 08:00,33.4,75.2,25.4,6,Placa_1
2025-06-06 08:00,18.0,88.3,58.4,6,Placa_2
2025-06-06 08:30,31.4,72.6,29.7,6,Placa_1
2025-06-06 08:30,33.0,55.2,29.8,6,Placa_2
2025-06-06 09:00,32.1,52.4,35.2,6,Placa_1
2025-06-06 09:00,32.0,42.7,32.5,6,Placa_2
2025-06-06 09:30,20.4,56.9,37.5,6,Placa_1
2025-06-06 09:30,32.9,86.5,14.7,6,Placa_2
2025-06-06 10:00,29.5,55.9,59.2,6,Placa_1
2025-06-06 10:00,27.7,79.9,46.3,6,Placa_2
2025-06-06 10:30,21.2,50.1,13.1,6,Placa_1
2025-06-06 10:30,18.7,89.6,16.4,6,Placa_2
2025-06-06 11:00,32.3,85.8,36.5,6,Placa_1
2025-06-06 11:00,28.1,60.1,26.4,6,Placa_2
2025-06-06 11:30,28.9,75.8,38.4,6,Placa_1
2025-06-06 11:30,22.6,49.8,29.5,6,Placa_2
2025-06-06 12:00,21.6,82.4,19.2,6,Placa_1
2025-06-06 12:00,34.7,47.4,37.4,6,Placa_2
2025-06-06 12:30,34.6,68.6,54.3,6,Placa_1
2025-06-06 12:30,24.6,85.0,22.1,6,Placa_2
2025-06-06 13:00,25.5,45.1,12.0,6,Placa_1
2025-06-06 13:00,23.8,56.1,25.1,6,Placa_2
2025-06-06 13:30,18.5,49.7,49.5,6,Placa_1
2025-06-06 13:30,18.7,74.0,31.8,6,Placa_2
2025-06-06 14:00,21.1,52.7,52.8,6,Placa_1
2025-06-06 14:00,21.8,76.1,49.5,6,Placa_2
2025-06-06 14:30,34.5,82.4,55.8,6,Placa_1
2025-06-06 14:30,34.7,49.1,11.3,6,Placa_2
2025-06-06 15:00,31.0,69.6,38.5,6,Placa_1
2025-06-06 15:00,32.0,52.3,17.8,6,Placa_2
2025-06-06 15:30,28.2,50.5,20.6,6,Placa_1
2025-06-06 15:30,28.7,60.3,52.0,6,Placa_2
2025-06-06 16:00,29.7,56.9,47.1,6,Placa_1
2025-06-06 16:00,29.6,59.4,47.6,6,Placa_2
2025-06-06 16:30,31.1,85.8,36.4,6,Placa_1
2025-06-06 16:30,33.4,66.0,18.7,6,Placa_2
2025-06-06 17:00,28.6,41.3,19.4,6,Placa_1
2025-06-06 17:00,28.8,59.4,19.7,6,Placa_2
2025-06-06 17:30,22.5,59.4,45.1,6,Placa_1
2025-06-06 17:30,24.6,49.7,18.9,6,Placa_2
2025-06-06 18:00,21.6,88.1,47.7,6,Placa_1
2025-06-06 18:00,21.4,49.4,39.0,6,Placa_2
2025-06-06 18:30,23.9,45.7,36.7,6,Placa_1
2025-06-06 18:30,26.7,84.1,57.5,6,Placa_2
2025-06-06 19:00,25.1,59.0,43.7,6,Placa_1
2025-06-06 19:00,27.7,43.2,28.4,6,Placa_2
2025-06-06 19:30,34.7,80.8,15.4,6,Placa_1
2025-06-06 19:30,20.2,88.6,22.3,6,Placa_2
2025-06-06 20:00,33.6,51.8,54.1,6,Placa_1
2025-06-06 20:00,24.0,78.0,19.2,6,Placa_2
2025-06-06 20:30,28.6,76.5,57.7,6,Placa_1
2025-06-06 20:30,30.8,52.8,55.9,6,Placa_2
2025-06-06 21:00,25.1,75.7,20.1,6,Placa_1
2025-06-06 21:00,21.2,42.1,15.1,6,Placa_2
2025-06-06 21:30,28.1,77.6,41.3,6,Placa_1
2025-06-06 21:30,34.2,69.8,12.2,6,Placa_2
2025-06-06 22:00,27.8,75.0,29.1,6,Placa_1
2025-06-06 22:00,21.0,82.1,30.3,6,Placa_2
2025-06-06 22:30,20.1,50.2,21.3,6,Placa_1
2025-06-06 22:30,21.0,81.3,22.1,6,Placa_2
2025-06-06 23:00,30.4,61.7,32.7,6,Placa_1
2025-06-06 23:00,31.0,49.9,18.3,6,Placa_2
2025-06-06 23:30,27.8,60.0,13.1,6,Placa_1
2025-06-06 23:30,19.0,68.1,42.0,6,Placa_2
2025-06-07 00:00,18.9,51.5,40.2,6,Placa_1
2025-06-07 00:00,26.4,85.0,22.5,6,Placa_2
2025-06-07 00:30,18.7,52.2,24.0,6,Placa_1
2025-06-07 00:30,19.2,64.3,22.9,6,Placa_2
2025-06-07 01:00,27.1,55.5,37.5,6,Placa_1
2025-06-07 01:00,27.5,53.4,47.2,6,Placa_2
2025-06-07 01:30,25.6,48.0,15.1,6,Placa_1
2025-06-07 01:30,34.6,69.7,40.5,6,Placa_2
2025-06-07 02:00,28.1,74.6,11.1,6,Placa_1
2025-06-07 02:00,21.6,49.0,38.3,6,Placa_2
2025-06-07 02:30,26.4,55.1,20.0,6,Placa_1
2025-06-07 02:30,33.0,42.5,35.9,6,Placa_2
2025-06-07 03:00,20.8,86.3,57.6,6,Placa_1
2025-06-07 03:00,30.1,86.3,57.0,6,Placa_2
2025-06-07 03:30,20.1,60.2,39.7,6,Placa_1
2025-06-07 03:30,22.3,77.3,44.5,6,Placa_2
2025-06-07 04:00,18.9,77.5,10.5,6,Placa_1
2025-06-07 04:00,18.4,44.6,47.5,6,Placa_2
2025-06-07 04:30,28.1,41.2,43.6,6,Placa_1
2025-06-07 04:30,21.5,85.6,56.1,6,Placa_2
2025-06-07 05:00,21.9,83.4,12.9,6,Placa_1
2025-06-07 05:00,21.0,60.6,27.5,6,Placa_2
2025-06-07 05:30,22.2,59.7,11.3,6,Placa_1
2025-06-07 05:30,21.2,51.4,38.9,6,Placa_2
2025-06-07 06:00,24.8,79.5,44.2,6,Placa_1
2025-06-07 06:00,34.9,40.4,51.2,6,Placa_2
2025-06-07 06:30,19.8,45.7,53.3,6,Placa_1
2025-06-07 06:30,18.4,73.9,21.5,6,Placa_2
2025-06-07 07:00,26.2,55.5,56.3,6,Placa_1
2025-06-07 07:00,32.8,79.9,10.4,6,Placa_2
2025-06-07 07:30,24.0,44.9,54.7,6,Placa_1
2025-06-07 07:30,21.2,79.2,20.5,6,Placa_2
2025-06-07 08:00,27.7,81.0,38.7,6,Placa_1
2025-06-07 08:00,29.4,83.1,14.8,6,Placa_2
2025-06-07 08:30,25.9,73.2,34.5,6,Placa_1
2025-06-07 08:30,24.8,63.5,31.7,6,Placa_2
2025-06-07 09:00,26.9,76.4,48.7,6,Placa_1
2025-06-07 09:00,29.5,53.4,21.7,6,Placa_2
2025-06-07 09:30,27.9,55.3,29.5,6,Placa_1
2025-06-07 09:30,30.5,65.7,41.2,6,Placa_2
2025-06-07 10:00,28.9,41.3,44.9,6,Placa_1
2025-06-07 10:00,19.8,78.9,12.5,6,Placa_2
2025-06-07 10:30,27.3,66.4,49.1,6,Placa_1
2025-06-07 10:30,19.8,58.6,44.8,6,Placa_2
2025-06-07 11:00,23.0,42.7,58.6,6,Placa_1
2025-06-07 11:00,22.5,48.8,23.8,6,Placa_2
2025-06-07 11:30,19.8,72.7,36.4,6,Placa_1
2025-06-07 11:30,23.0,63.3,58.7,6,Placa_2
2025-06-07 12:00,23.6,68.0,49.5,6,Placa_1
2025-06-07 12:00,34.0,60.3,28.4,6,Placa_2
2025-06-07 12:30,26.3,44.2,58.3,6,Placa_1
2025-06-07 12:30,31.0,89.0,40.2,6,Placa_2
2025-06-07 13:00,34.4,66.8,19.5,6,Placa_1
2025-06-07 13:00,31.2,69.5,50.2,6,Placa_2
2025-06-07 13:30,33.3,43.9,48.4,6,Placa_1
2025-06-07 13:30,25.1,77.1,12.7,6,Placa_2
2025-06-07 14:00,31.5,77.2,42.1,6,Placa_1
2025-06-07 14:00,19.1,58.4,56.9,6,Placa_2
2025-06-07 14:30,19.9,65.3,44.7,6,Placa_1
2025-06-07 14:30,21.1,73.6,17.6,6,Placa_2
2025-06-07 15:00,34.3,72.4,54.0,6,Placa_1
2025-06-07 15:00,33.3,55.0,16.8,6,Placa_2
2025-06-07 15:30,24.3,70.8,15.4,6,Placa_1
2025-06-07 15:30,31.6,84.2,56.8,6,Placa_2
2025-06-07 16:00,21.8,86.2,19.0,6,Placa_1
2025-06-07 16:00,24.2,68.1,33.4,6,Placa_2
2025-06-07 16:30,27.7,49.0,24.4,6,Placa_1
2025-06-07 16:30,28.8,88.9,38.0,6,Placa_2
2025-06-07 17:00,28.8,89.8,46.9,6,Placa_1
2025-06-07 17:00,25.3,70.8,41.0,6,Placa_2
2025-06-07 17:30,32.2,43.1,31.4,6,Placa_1
2025-06-07 17:30,21.1,56.2,30.2,6,Placa_2
2025-06-07 18:00,32.2,64.8,54.0,6,Placa_1
2025-06-07 18:00,26.7,62.6,14.8,6,Placa_2
2025-06-07 18:30,30.6,80.8,53.9,6,Placa_1
2025-06-07 18:30,31.1,43.2,29.7,6,Placa_2
2025-06-07 19:00,33.1,88.1,15.7,6,Placa_1
2025-06-07 19:00,21.2,88.9,47.3,6,Placa_2
2025-06-07 19:30,34.8,80.9,28.0,6,Placa_1
2025-06-07 19:30,27.8,68.6,41.7,6,Placa_2
2025-06-07 20:00,31.4,73.6,37.7,6,Placa_1
2025-06-07 20:00,29.1,55.6,52.3,6,Placa_2
2025-06-07 20:30,27.2,45.4,35.0,6,Placa_1
2025-06-07 20:30,23.9,77.3,43.6,6,Placa_2
2025-06-07 21:00,33.6,80.6,50.0,6,Placa_1
2025-06-07 21:00,27.8,44.1,47.5,6,Placa_2
2025-06-07 21:30,27.5,81.2,14.1,6,Placa_1
2025-06-07 21:30,23.1,41.8,37.3,6,Placa_2
2025-06-07 22:00,23.7,46.8,30.5,6,Placa_1
2025-06-07 22:00,31.6,67.3,23.3,6,Placa_2
2025-06-07 22:30,19.5,71.3,23.5,6,Placa_1
2025-06-07 22:30,29.2,50.4,22.9,6,Placa_2
2025-06-07 23:00,34.5,80.7,14.2,6,Placa_1
2025-06-07 23:00,33.0,89.4,59.1,6,Placa_2
2025-06-07 23:30,25.4,42.5,51.3,6,Placa_1
2025-06-07 23:30,29.6,55.4,53.6,6,Placa_2
